source_id,type,title,old_url,new_path,redirect,status,original_date
1044,page,Stock List,https://rgmachinery.com/shop/,/machines,301,source captured; migration pending,2026-06-08T09:59:09
997,page,Service,https://rgmachinery.com/service/,/services,301,source captured; migration pending,2023-06-12T13:21:02
238,page,Under Construction,https://rgmachinery.com/under-construction/,,review,source captured; migration pending,2022-11-23T20:05:13
95,page,Contact Us,https://rgmachinery.com/contact-us/,/contact,301,source captured; migration pending,2022-11-02T16:31:36
91,page,Blog,https://rgmachinery.com/blog/,/blog,301,source captured; migration pending,2022-11-02T16:28:52
12,page,Rosa Graphic Machinery,https://rgmachinery.com/,/,no,source captured; migration pending,2022-10-26T17:21:39
2,page,About Us,https://rgmachinery.com/about-used-offset-priniting-machine/,/about,301,source captured; migration pending,2022-10-20T21:10:53
350,article,History of Offset Printing,https://rgmachinery.com/history-of-offset-printing/,/history-of-offset-printing/,no,source captured; migration pending,2023-03-06T19:54:30
922,article,Offset Printing in Egypt,https://rgmachinery.com/offset-printing-in-egypt/,/offset-printing-in-egypt/,no,source captured; migration pending,2023-03-06T19:49:49
854,article,Printing Packaging Offset Printing: The Best Way To Bring Your Designs To Life,https://rgmachinery.com/printing-packaging-offset-printing-the-best-way-to-bring-your-designs-to-life/,/printing-packaging-offset-printing-the-best-way-to-bring-your-designs-to-life/,no,source captured; migration pending,2023-02-16T12:53:52
851,article,Offset Printing in Medicine Instruction Paper,https://rgmachinery.com/offset-printing-in-medicine-instruction-paper/,/offset-printing-in-medicine-instruction-paper/,no,source captured; migration pending,2023-02-16T12:36:20
846,article,Offset Printing: The Future of Food Packaging,https://rgmachinery.com/offset-printing-the-future-of-food-packaging/,/offset-printing-the-future-of-food-packaging/,no,source captured; migration pending,2023-02-16T12:18:36
459,article,Offset Printing Examples,https://rgmachinery.com/offset-printing-examples/,/offset-printing-examples/,no,source captured; migration pending,2023-02-15T16:01:59
414,article,Why Offset Printing,https://rgmachinery.com/why-offset-printing/,/why-offset-printing/,no,source captured; migration pending,2022-12-06T22:03:55
293,article,Printing in the World of Business,https://rgmachinery.com/printing-in-the-world-of-business/,/printing-in-the-world-of-business/,no,source captured; migration pending,2022-12-06T18:59:02
430,article,Types of Offset Printing,https://rgmachinery.com/types-of-offset-printing/,/types-of-offset-printing/,no,source captured; migration pending,2022-12-06T17:18:28
400,article,Different Types of Printing Machines,https://rgmachinery.com/different-types-of-printing-machines/,/different-types-of-printing-machines/,no,source captured; migration pending,2022-12-06T16:48:31
446,article,Uses of Offset Printing,https://rgmachinery.com/uses-of-offset-printing/,/uses-of-offset-printing/,no,source captured; migration pending,2022-12-06T16:46:19
453,article,Benefits of Offset Printing for your Project,https://rgmachinery.com/benefits-of-offset-printing-for-your-project/,/benefits-of-offset-printing-for-your-project/,no,source captured; migration pending,2022-12-06T16:20:59
